v_gene,d_gene,j_gene,v_5p_del,v_3p_del,d_5p_del,d_3p_del,j_5p_del,j_3p_del,fv_insertion,vd_insertion,dj_insertion,jf_insertion,cdr3_length,count
IGHV3-64*03,IGHD1-26*01,IGHJ3*01,79,21,7,0,21,0,0,30,31,260,62,1
IGHV3-64*03,IGHD6-13*01,IGHJ1*01,213,22,9,0,40,0,0,49,41,249,72,1
IGHV3-64*03,IGHD2-15*01,IGHJ3*02,44,33,17,2,9,0,0,30,92,54,122,1
IGHV3-64*03,IGHD6-13*01,IGHJ1*01,22,31,9,0,16,0,0,8,106,100,111,1
IGHV3-64*03,IGHD2-2*01,IGHJ1*01,185,68,6,11,12,0,0,81,55,126,102,1
IGHV3-64*03,IGHD2-2*01,IGHJ1*01,213,22,3,14,40,0,0,29,59,400,72,1
IGHV3-64*03,IGHD6-13*01,IGHJ1*01,19,31,6,2,16,0,0,60,50,102,108,1
IGHV3-64*03,IGHD2-15*01,IGHJ6*01,56,33,17,4,27,0,0,30,96,69,119,1
IGHV3-64*03,IGHD6-19*01,IGHJ6*04,141,81,9,3,17,0,0,31,113,76,98,1
IGHV3-64*03,IGHD6-13*01,IGHJ1*01,63,10,9,0,16,0,0,31,103,96,152,1
IGHV3-64*03,IGHD3-16*02,IGHJ2*01,0,79,17,13,32,0,88,94,30,29,53,1
IGHV3-64*03,IGHD1-26*01,IGHJ6*03,214,22,4,3,3,0,0,82,1,232,114,1
IGHV3-64*03,IGHD3-16*02,IGHJ1*01,213,22,26,0,18,0,0,51,101,161,155,1
IGHV3-64*03,IGHD2-21*01,IGHJ5*02,0,78,9,9,11,0,153,53,9,0,14,1
IGHV3-64*03,IGHD2-15*01,IGHJ3*02,41,33,17,2,9,0,0,30,92,70,122,1
IGHV3-64*03,IGHD3-3*02,IGHJ6*03,204,8,3,14,0,0,0,118,40,103,207,1
IGHV3-64*03,IGHD1-26*01,IGHJ6*03,160,77,11,0,14,0,0,44,17,361,22,1
