position,mute_freq,lo_err,hi_err,A,A_obs,A_lo_err,A_hi_err,C,C_obs,C_lo_err,C_hi_err,G,G_obs,G_lo_err,G_hi_err,T,T_obs,T_lo_err,T_hi_err
8,0.0,0.0,0.504622638711,1.0,1,0.57735026918962584,1.0,0.0,0,0.0,0.504622638711,0.0,0,0.0,0.504622638711,0.0,0,0.0,0.504622638711
9,1.0,0.57735026918962584,1.0,0.0,0,0.0,0.504622638711,0.0,0,0.0,0.504622638711,1.0,1,0.57735026918962584,1.0,0.0,0,0.0,0.504622638711
10,1.0,0.57735026918962584,1.0,0.0,0,0.0,0.504622638711,0.0,0,0.0,0.504622638711,1.0,1,0.57735026918962584,1.0,0.0,0,0.0,0.504622638711
11,1.0,0.57735026918962584,1.0,0.0,0,0.0,0.504622638711,0.0,0,0.0,0.504622638711,1.0,1,0.57735026918962584,1.0,0.0,0,0.0,0.504622638711
12,1.0,0.57735026918962584,1.0,0.0,0,0.0,0.504622638711,0.0,0,0.0,0.504622638711,1.0,1,0.57735026918962584,1.0,0.0,0,0.0,0.504622638711
13,1.0,0.57735026918962584,1.0,0.0,0,0.0,0.504622638711,0.0,0,0.0,0.504622638711,0.0,0,0.0,0.504622638711,1.0,1,0.57735026918962584,1.0
14,1.0,0.57735026918962584,1.0,0.0,0,0.0,0.504622638711,1.0,1,0.57735026918962584,1.0,0.0,0,0.0,0.504622638711,0.0,0,0.0,0.504622638711
15,1.0,0.57735026918962584,1.0,0.0,0,0.0,0.504622638711,1.0,1,0.57735026918962584,1.0,0.0,0,0.0,0.504622638711,0.0,0,0.0,0.504622638711
16,1.0,0.57735026918962584,1.0,1.0,1,0.57735026918962584,1.0,0.0,0,0.0,0.504622638711,0.0,0,0.0,0.504622638711,0.0,0,0.0,0.504622638711
17,1.0,0.57735026918962584,1.0,0.0,0,0.0,0.504622638711,0.0,0,0.0,0.504622638711,1.0,1,0.57735026918962584,1.0,0.0,0,0.0,0.504622638711
18,1.0,0.57735026918962584,1.0,0.0,0,0.0,0.504622638711,0.0,0,0.0,0.504622638711,1.0,1,0.57735026918962584,1.0,0.0,0,0.0,0.504622638711
19,1.0,0.57735026918962584,1.0,0.0,0,0.0,0.504622638711,1.0,1,0.57735026918962584,1.0,0.0,0,0.0,0.504622638711,0.0,0,0.0,0.504622638711
20,1.0,0.57735026918962584,1.0,0.0,0,0.0,0.504622638711,1.0,1,0.57735026918962584,1.0,0.0,0,0.0,0.504622638711,0.0,0,0.0,0.504622638711
21,1.0,0.57735026918962584,1.0,1.0,1,0.57735026918962584,1.0,0.0,0,0.0,0.504622638711,0.0,0,0.0,0.504622638711,0.0,0,0.0,0.504622638711
22,1.0,0.57735026918962584,1.0,0.0,0,0.0,0.504622638711,0.0,0,0.0,0.504622638711,0.0,0,0.0,0.504622638711,1.0,1,0.57735026918962584,1.0
23,0.0,0.0,0.504622638711,0.0,0,0.0,0.504622638711,0.0,0,0.0,0.504622638711,1.0,1,0.57735026918962584,1.0,0.0,0,0.0,0.504622638711
24,1.0,0.57735026918962584,1.0,0.0,0,0.0,0.504622638711,0.0,0,0.0,0.504622638711,1.0,1,0.57735026918962584,1.0,0.0,0,0.0,0.504622638711
25,1.0,0.57735026918962584,1.0,0.0,0,0.0,0.504622638711,0.0,0,0.0,0.504622638711,0.0,0,0.0,0.504622638711,1.0,1,0.57735026918962584,1.0
26,0.0,0.0,0.504622638711,0.0,0,0.0,0.504622638711,0.0,0,0.0,0.504622638711,1.0,1,0.57735026918962584,1.0,0.0,0,0.0,0.504622638711
27,1.0,0.57735026918962584,1.0,1.0,1,0.57735026918962584,1.0,0.0,0,0.0,0.504622638711,0.0,0,0.0,0.504622638711,0.0,0,0.0,0.504622638711
28,0.0,0.0,0.504622638711,0.0,0,0.0,0.504622638711,0.0,0,0.0,0.504622638711,1.0,1,0.57735026918962584,1.0,0.0,0,0.0,0.504622638711
29,1.0,0.57735026918962584,1.0,1.0,1,0.57735026918962584,1.0,0.0,0,0.0,0.504622638711,0.0,0,0.0,0.504622638711,0.0,0,0.0,0.504622638711
30,1.0,0.57735026918962584,1.0,0.0,0,0.0,0.504622638711,0.0,0,0.0,0.504622638711,0.0,0,0.0,0.504622638711,1.0,1,0.57735026918962584,1.0
31,1.0,0.57735026918962584,1.0,0.0,0,0.0,0.504622638711,0.0,0,0.0,0.504622638711,0.0,0,0.0,0.504622638711,1.0,1,0.57735026918962584,1.0
32,0.0,0.0,0.504622638711,0.0,0,0.0,0.504622638711,1.0,1,0.57735026918962584,1.0,0.0,0,0.0,0.504622638711,0.0,0,0.0,0.504622638711
33,0.0,0.0,0.504622638711,0.0,0,0.0,0.504622638711,1.0,1,0.57735026918962584,1.0,0.0,0,0.0,0.504622638711,0.0,0,0.0,0.504622638711
34,0.0,0.0,0.504622638711,0.0,0,0.0,0.504622638711,1.0,1,0.57735026918962584,1.0,0.0,0,0.0,0.504622638711,0.0,0,0.0,0.504622638711
35,1.0,0.57735026918962584,1.0,1.0,1,0.57735026918962584,1.0,0.0,0,0.0,0.504622638711,0.0,0,0.0,0.504622638711,0.0,0,0.0,0.504622638711
36,0.0,0.0,0.504622638711,0.0,0,0.0,0.504622638711,0.0,0,0.0,0.504622638711,1.0,1,0.57735026918962584,1.0,0.0,0,0.0,0.504622638711
37,1.0,0.57735026918962584,1.0,1.0,1,0.57735026918962584,1.0,0.0,0,0.0,0.504622638711,0.0,0,0.0,0.504622638711,0.0,0,0.0,0.504622638711
38,1.0,0.57735026918962584,1.0,0.0,0,0.0,0.504622638711,0.0,0,0.0,0.504622638711,1.0,1,0.57735026918962584,1.0,0.0,0,0.0,0.504622638711
39,0.0,0.0,0.504622638711,0.0,0,0.0,0.504622638711,1.0,1,0.57735026918962584,1.0,0.0,0,0.0,0.504622638711,0.0,0,0.0,0.504622638711
40,1.0,0.57735026918962584,1.0,0.0,0,0.0,0.504622638711,0.0,0,0.0,0.504622638711,0.0,0,0.0,0.504622638711,1.0,1,0.57735026918962584,1.0
41,0.0,0.0,0.504622638711,0.0,0,0.0,0.504622638711,1.0,1,0.57735026918962584,1.0,0.0,0,0.0,0.504622638711,0.0,0,0.0,0.504622638711
42,0.0,0.0,0.504622638711,0.0,0,0.0,0.504622638711,0.0,0,0.0,0.504622638711,0.0,0,0.0,0.504622638711,1.0,1,0.57735026918962584,1.0
43,0.0,0.0,0.504622638711,0.0,0,0.0,0.504622638711,0.0,0,0.0,0.504622638711,1.0,1,0.57735026918962584,1.0,0.0,0,0.0,0.504622638711
44,1.0,0.57735026918962584,1.0,0.0,0,0.0,0.504622638711,1.0,1,0.57735026918962584,1.0,0.0,0,0.0,0.504622638711,0.0,0,0.0,0.504622638711
45,0.0,0.0,0.504622638711,0.0,0,0.0,0.504622638711,1.0,1,0.57735026918962584,1.0,0.0,0,0.0,0.504622638711,0.0,0,0.0,0.504622638711
46,0.0,0.0,0.504622638711,0.0,0,0.0,0.504622638711,0.0,0,0.0,0.504622638711,0.0,0,0.0,0.504622638711,1.0,1,0.57735026918962584,1.0
47,0.0,0.0,0.504622638711,0.0,0,0.0,0.504622638711,1.0,1,0.57735026918962584,1.0,0.0,0,0.0,0.504622638711,0.0,0,0.0,0.504622638711
48,0.0,0.0,0.504622638711,0.0,0,0.0,0.504622638711,1.0,1,0.57735026918962584,1.0,0.0,0,0.0,0.504622638711,0.0,0,0.0,0.504622638711
49,0.0,0.0,0.504622638711,0.0,0,0.0,0.504622638711,0.0,0,0.0,0.504622638711,0.0,0,0.0,0.504622638711,1.0,1,0.57735026918962584,1.0
50,1.0,0.57735026918962584,1.0,0.0,0,0.0,0.504622638711,0.0,0,0.0,0.504622638711,1.0,1,0.57735026918962584,1.0,0.0,0,0.0,0.504622638711
51,0.0,0.0,0.504622638711,1.0,1,0.57735026918962584,1.0,0.0,0,0.0,0.504622638711,0.0,0,0.0,0.504622638711,0.0,0,0.0,0.504622638711
52,0.0,0.0,0.504622638711,0.0,0,0.0,0.504622638711,0.0,0,0.0,0.504622638711,1.0,1,0.57735026918962584,1.0,0.0,0,0.0,0.504622638711
